"CheckTime","ServerName","PingStatus","IncommingCount","IncommingColor","SSDLimit","FailedCount"
"8/30/2018 8:04:40 PM","bswEpicEPSP101.bhcs.pvt","Online","0","Green","Green","93"
"8/30/2018 8:04:40 PM","bswEpicEPSP102.bhcs.pvt","Online","0","Green","Green","170"
"8/30/2018 8:04:40 PM","bswEpicEPSP103.bhcs.pvt","Online","0","Green","Green","135"
"8/30/2018 8:04:40 PM","bswEpicEPSP104.bhcs.pvt","Online","1","Green","Green","61"
"8/30/2018 8:04:40 PM","bswEpicEPSP105.bhcs.pvt","Online","0","Green","Green","62"
"8/30/2018 8:04:40 PM","bswEpicEPSP106.bhcs.pvt","Online","1","Green","Green","59"
"8/30/2018 8:04:40 PM","bswEpicEPSP107.bhcs.pvt","Online","0","Green","Green","57"
"8/30/2018 8:04:40 PM","bswEpicEPSP108.bhcs.pvt","Online","0","Green","Green","71"
"8/30/2018 8:04:40 PM","bswEpicEPSP109.bhcs.pvt","Online","0","Green","Green","79"
