"CheckTime","ServerName","PingStatus","IncommingCount","IncommingColor","SSDLimit","FailedCount"
"8/31/2018 1:10:43 PM","bswEpicEPSP101.bhcs.pvt","Online","0","Green","Green","93"
"8/31/2018 1:10:43 PM","bswEpicEPSP102.bhcs.pvt","Online","2","Green","Green","168"
"8/31/2018 1:10:43 PM","bswEpicEPSP103.bhcs.pvt","Online","0","Green","Green","135"
"8/31/2018 1:10:43 PM","bswEpicEPSP104.bhcs.pvt","Online","1","Green","Green","61"
"8/31/2018 1:10:43 PM","bswEpicEPSP105.bhcs.pvt","Online","0","Green","Green","61"
"8/31/2018 1:10:43 PM","bswEpicEPSP106.bhcs.pvt","Online","1","Green","Green","61"
"8/31/2018 1:10:43 PM","bswEpicEPSP107.bhcs.pvt","Online","0","Green","Green","57"
"8/31/2018 1:10:43 PM","bswEpicEPSP108.bhcs.pvt","Online","1","Green","Green","73"
"8/31/2018 1:10:43 PM","bswEpicEPSP109.bhcs.pvt","Online","1","Green","Green","77"
