#SilverTag,CA Group,CA Location,DEP,Location,Desc,
PH058047,CSM DOWNTOWN,Pres Hospital,GI Outpatient,1100 Lead, behind front desk at GI Outpatient,
KPHFPMU075217,CSM KASEMAN,Kaseman POB,Family Practice,1st family practice checkout desk,,
KPHBHBC065343,CSM KASEMAN,Kaseman Hospital,Child Behavioural Health - Inpatient,1st Fl, East of Unit 300. In a room behind main nursing station.,
HRGIMMU073376,CSM WESTSIDE/RMC,Rio Rancho 4005 High Resort,HR PMG 4005,1st Floor,,
RR049082,CSM WESTSIDE/RMC,Rust Med Ctr,Admitting,1st Floor - Admitting behind registration cubes,,
RR049060,CSM WESTSIDE/RMC,Rust Med Ctr,ED,1st Floor - clean supply RM1645 door - 4100#,,
PMHCPSU058048,CSM DOWNTOWN,Pres Hospital,Cath Lab,1st Floor - CVL in supply room near Proc RM3,,
RR051459,CSM WESTSIDE/RMC,Rust Med Ctr,ED,1st Floor - ED front desk,,
RR049071,CSM WESTSIDE/RMC,Rust Med Ctr,ED,1st Floor - ED RM1538 door - 4100#,,
PH048863,CSM DOWNTOWN,Pres Hospital,Inpatient,1st Floor - Near R elevators rehab office,,
RR049058,CSM WESTSIDE/RMC,Rust Med Ctr,MBC,2nd Floor - MBC near RM2114,,
RR049064,CSM WESTSIDE/RMC,Rust Med Ctr,MBC Triage,2nd Floor - MBC Next to Room 2124,,
RR049076,CSM WESTSIDE/RMC,Rust Med Ctr,OR,2nd Floor - OR Charge Nurse Station,,
RMCORBC073210,CSM WESTSIDE/RMC,Rust Med Ctr,OR,2nd Floor - OR main desk,,
RR049073,CSM WESTSIDE/RMC,Rust Med Ctr,OR,2nd Floor - PACU middle near bay 22,,
KPHBHMU075406,CSM KASEMAN,Kaseman Adult Beh Health,Behavioural Health,2nd Floor BH break room between north and south nurse stations,,
EH051749 replaced by EGHOBBC071788  SR# 2862522
EGHOBBC071788,CSM EGH,Espanola Hospital,L&D,2nd floor L&D,,
EGHICBC069452,CSM EGH,Espanola Hospital,ICU,2nd floor Main Nurse Station ICU,,
EGHICBC069432,CSM EGH,Espanola Hospital,Med - Surge,2nd floor Med - Surg POD 12,,
EGHSSBC073790,CSM EGH,Espanola Hospital,Med - Surge & PEDS,2nd floor Med - Surg POD 6,,
EGHSSBC073791,CSM EGH,Espanola Hospital,Med surge,2nd floor Med Surg pod 8,,
EGHOOSU070260,CSM EGH,Espanola Hospital,Espanola POB - 3rd floor - front main registration 
RR051465,CSM WESTSIDE/RMC,Rust Med Ctr,MBC,2nd Floor Nursing Station - Across from Room 2107 ,,
RR049036,CSM WESTSIDE/RMC,Rust Med Ctr,Diagnostics and Testing,2nd Floor OR - Invasive Lab RM2425,,
PRH056490,CSM WESTSIDE/RMC,Rust Med Ctr,Progressive Care,2nd Floor T2 Progessive Care Room 2285,,
RR049057,CSM WESTSIDE/RMC,Rust Med Ctr,Progressive Care,3rd Floor - Across from 3109,,
RR049107,CSM WESTSIDE/RMC,Rust Med Ctr,Progressive Care,3rd Floor - Across from 3121,,
#PH049074 replaced by PMHICMU058548
PMHICMU058548,CSM DOWNTOWN,Pres Hospital,SCU,3rd Floor - near med room behind nurse station,,
PH049065,CSM DOWNTOWN,Pres Hospital,3B/C,3rd Floor - Room 3436 Teaming room,,
#PH049063 replaced by PMHOOMU070849 SR #2856194
PMHOOMU070849,CSM DOWNTOWN,Pres Hospital,SSC,3rd Floor - SSC across from 3112,,
PRH056495,CSM WESTSIDE/RMC,Rust Med Ctr,Progressive Care,3rd Floor T2 middle near 3238 elevator,,
RR049059,CSM WESTSIDE/RMC,Rust Med Ctr,ICU,4TH - Room 4121,,
PH052801,CSM DOWNTOWN,Pres Hospital,Inpatient,4th Floor - 4B,,
PMHIMMU066076,CSM DOWNTOWN,Pres Hospital,Inpatient,4th Floor - 4C - charting room,,
PRH051457,CSM WESTSIDE/RMC,Rust Med Ctr,ICU,4th Floor - Across from 4112,,
PH049077,CSM DOWNTOWN,Pres Hospital,4th Floor AIC,Across from RM 4109,,
PMHPESU065201,CSM DOWNTOWN,Pres Hospital,IMC,4th Floor - Nurses Station across from 4237,,
PH045978,CSM DOWNTOWN,Pres Hospital POB,PEDS,4th Floor - POB - ENDO in the phone room,,
PSOHISU069130,CSM KASEMAN,Kaseman El Camino,Home Health,4th Floor El Camino Building,,
PH038938,CSM DOWNTOWN,Pres Hospital,Urology,5th Floor,,
RR049108,CSM WESTSIDE/RMC,Rust Med Ctr,Progressive Care,5th Floor - Across from 5121,,
PH048852,CSM DOWNTOWN,Pres Hospital,GMU2,5th Floor - 5B - Break room next to Nourishment station,,
PH048851,CSM DOWNTOWN,Pres Hospital,FBC,5th Floor - FBC alcove near med room and fridge,,
PH051460,CSM DOWNTOWN,Pres Hospital,5C GAC 1 & 2,5th Floor - GAC near RM537 back alcove,,
PH051464,CSM DOWNTOWN,Pres Hospital,NICU,5th Floor - Baby Room 2,,
PH052597,CSM DOWNTOWN,Pres Hospital,OB - GYN,5th Floor POB behind the Checkin,,
PRH001920,CSM WESTSIDE/RMC,Rust Med Ctr,Progressive Care,5th floor Tower 2 RM5239A,,
#PH051463 replaced by PMHBDMU075637  SR# 2767796
PMHBDMU075637,CSM DOWNTOWN,Pres Hospital,MBC,6th Floor MBC front desk,,
PH045725,CSM DOWNTOWN,Pres Hospital,MSC,6th Floor MSC 1st desk on left,,
#PH051461 Replaced by PMHPEMU075666 SR# 2772871
PMHPEMU075666,CSM DOWNTOWN,Pres Hospital,PICU,6th Floor PICU around corner of front desk,,
PH051703,CSM DOWNTOWN,Pres Hospital,Heart Group,7th floor -  Heart Group / Med Rec office,,
PMHUCMU073835,CSM DOWNTOWN,Pres Hospital,APC1,7th Floor APC1 behind nurse station,,
#PH051458 Replaced by PMHCPMU077260 SR# 28561921
PMHCPMU077260,CSM DOWNTOWN,Pres Hospital,APC2,7th Floor APC2 Nurse charting room,,
#PH048854 was replaced by PMHICMU075793 SR# 2775519
PMHICMU075793,CSM DOWNTOWN,Pres Hospital,CCC,7th Floor CCC Main desk across from RM8,,
PMHCPMU069163,CSM DOWNTOWN,Pres Hospital,7C,7th Floor Nurse station,,
PMHCPMU075354,CSM DOWNTOWN,Pres Hospital,CPC,7th Floor front desk near A elevators,,
KPHPTMU074290,CSM KASEMAN,Kaseman El Camino,Physical Therapy,8100 El Camino - 2nd floor Rehab,,
KPHBHBC065843,CSM KASEMAN,Kaseman Ch and Adol Beh,Child and Adolescent Outpatient,8308 Kaseman Ct. / Behind nurse station,,
RMC059794,CSM WESTSIDE/RMC,Rust Med Ctr,6200,Across from middle elevator,,
KPHEDMU068492,CSM KASEMAN,Kaseman Hospital,ER,Across from RM12 at nursing station,,
KPHBHMU074305,CSM KASEMAN,Kaseman Hospital,ER,ERN Office - Charge nurse or manager must open door,,
KH048870,CSM KASEMAN,Kaseman Hospital,X-Ray,Admitting,,
#DCTEDBC071140 replaced by DCTEDBC069892 SR# 2806451
DCTEDBC069892,CSM PRMC/DCT,Dan C Trigg Memorial Hospital,ED,Admitting - near check-in,,
ASGADMU071552,CSM WESTSIDE/RMC,Atrisco PMG,Atrisco Family HC,Atrisco Checkin,,
HRGIUSU063871,CSM WESTSIDE/RMC,Rio Rancho 4100 High Resort,Infusion Center,Back of Nurses Pod across from Janitor Closet 103,,
HRGUCMU071496,CSM WESTSIDE/RMC,Rio Rancho 4100 High Resort,All Ages UC,,,
PMHANMU067939,CSM DOWNTOWN,Pres Hospital,OR Anesthesiology,Near main OR desk,,
PR049095,CSM PRMC/DCT,Plains Regional Healthplex,HealthPlex,Behind admitting,,
KPHAMMU075424,CSM KASEMAN,Kaseman Adult Beh Health,Behavioral Health,Behind Check in Desk on 1st floor,,
SMGFPMU071801,CSM DOWNTOWN,San Mateo PMG,San Mateo,Break Room PEDS, left after entering office,
BLGAMMU074093,CSM DOWNTOWN,BELEN PMG,1st Floor Registration Business Office Rm 145,,
PR049091,CSM PRMC/DCT,Plains Regional Med Ctr,Cardio - Sleep,Cardio Dept - Front desk,,
PMHGLMU068661,CSM DOWNTOWN,Pres Hospital,3100 Cedar,Cedar - CPL Office,,
SF055521,CSM EGH,ST Michaels PMG,Ortho/UC/US/Card,Check in / Check out Area,,
EH051751,CSM EGH,Espanola Hospital,Day Surgery,Day Surgery,,
DT054810,CSM PRMC/DCT,Dan C Trigg Memorial PMG,Home Health,DCT - Room 119,,
PAC041783,CSM KASEMAN,Kaseman Hospital,IM,Doctor's Area - Med room,,
NS051629,CSM NORTHSIDE,Northside Hospital,Physical Therapy,Downstairs in admin break room,,
PR049100,CSM PRMC/DCT,Plains Regional Med Ctr,DSU,DSU - Materials office OR side,,
PR042573,CSM PRMC/DCT,Plains Regional Med Ctr,DSU,DSU - shelf next to copy room - PMG side,,
SG051598,CSM SGH,Socorro General Hospital,ED - ADmitting,ED - Admitting - ED break room,,
LCMEDSU067921,CSM LCMC,LCMC Medical Center,ED / Admitting,ED entrance,,
RR049110,CSM WESTSIDE/RMC,Rust Med Ctr,ED/Rehab,EKG Room,,
PR048645,CSM PRMC/DCT,Plains Regional Med Ctr,ED,Emergency Department - East side next to DR's,,
LH049009,CSM LCMC,LCMC Medical Center,Physical Therapy,Front Desk,,
SOGAMSU074270,CSM DOWNTOWN,Rio Rancho Southern PMG,GI Lab,GI Lab - Pre-Op holding Area behind Nurses station,,
PH042574,CSM Northside,Montgomery PMG,Pulmonary,Group Area,,
WYGADSU074078,CSM DOWNTOWN,Wyoming PMG,Care Managers,Group Meeting Area,,
PR049094,CSM PRMC/DCT,Plains Regional Med Ctr,OR,Holding - Pre-OP behind nurse station,,
#EH054834 replaced by EGHAAMU058565 SR# 2786092
EGHAAMU058565,CSM EGH,Espanola Hospital,Home Health,Home Health Inpatient - 1010 Spruce,,
PR049096,CSM PRMC/DCT,Plains Regional Med Ctr,ICU,ICU - office next to dictation room,,
LCMBCSU070340,CSM LCMC,LCMC Medical Center,ICU/Pharmacy,In mail room,,
KPHHSBC069549,CSM KASEMAN,Kaseman Hospital,Hospice Unit,Nurse Station,,
KPHRDMU071070,CSM KASEMAN,Kaseman Hospital,Radiology,IN Radiology Reading room in Kaseman Hospital,,
PH048869,CSM DOWNTOWN,Pres Hospital,Infusion Center,Peds Pod,,
PH049056,CSM DOWNTOWN,Pres Hospital,Infusion Center,Medical Records Office,,
PR049093,CSM PRMC/DCT,Plains Regional Med Ctr,Womens Unit - L&D, Nursery,L&D hallway next to fire exit,
RR050908,CSM WESTSIDE/RMC,Rust Med Ctr,General Surgery,LL - POB Gen Surgery RM08236,,
LOG046758,CSM PRMC/DCT,Logan Medical Clinic,Logan,Logan,,
KPHOCMU071062,CSM KASEMAN,Kaseman POB,KH,MD ANDERSON Registration,,
KPHHIMU071053,CSM KASEMAN,Kaseman Hospital,Med Rec,Med Rec office near gift shop,,
KPHRUMU075338,CSM KASEMAN,Kaseman Hospital,Rheumatology,Med Room 1248,,
PR049033,CSM PRMC/DCT,Plains Regional Med Ctr,Med Floor - Units 400,500, 600 & PEDS,Med Surge - Unit 100
NOGNUMU067804,CSM NORTHSIDE,Northside Hospital,Neurology 3rd Floor,Nurse Station 1,,
LCMBCSU070340,CSM LCMC,LCMC Medical Center,Med/Surg/OB,Med/Surg back desk,,
PR042571,CSM PRMC/DCT,Plains Regional Med Ctr,WIC Peds,Medical Records office,,
PR042572,CSM PRMC/DCT,Plains Regional Med Ctr,FM IM Spec,MOB upstairs - empty cube between IM1 and IM2,,
PR049090,CSM PRMC/DCT,Plains Regional Cancer Ctr,Cancer Center,MR room,,
PR049097,CSM PRMC/DCT,Plains Regional Med Ctr,Admitting,next to Laynes office near coffee pot,,
PR049098,CSM PRMC/DCT,Plains Regional Med Ctr,Radiology,Next to PACS server,,
DT048942,CSM PRMC/DCT,Dan C Trigg Memorial Hospital,Med Surge,Nurse Station,,
SF060708,CSM EGH,ST Michaels PMG,Peds/Endo/Int Med/Neuro,Nurse Station - Near Med Rm,,
EGHEDBC058964,CSM EGH,Espanola Hospital,ED,Nurse station near registration,,
KPHZZBC07000,CSM KASEMAN,Kaseman Hospital,Sleep Center,Triage Room,,
KPHOOSU074512,CSM KASEMAN,Kaseman POB,2nd Floor Ortho,Behind check-out,,
PRH056413,CSM WESTSIDE/RMC,Rust Med Ctr,Unser POB,OB,,
SF001665,CSM EGH,ST Michaels PMG,OB/GYN,OB/ENDO/NEURO,,
LCMORSU073118,CSM LCMC,LCMC Medical Center,OR,OR clean room,,
EGHORBC073779,CSM EGH,Espanola Hospital,OR,OR PACU Desk,,
DT051593,CSM PRMC/DCT,Dan C Trigg Memorial Hospital,OR - Radiology,OR Prep Room,,
PR049099,CSM PRMC/DCT,Plains Regional Med Ctr,OR,PACU,,
PR049092,CSM PRMC/DCT,Plains Regional Med Ctr,OR,PACU - behind Dr's PCs,,
PDGADSU073278,CSM WESTSIDE/RMC,Paradise PMG,Primary Care,Paradise Facility, Primary Care area RM 207.,
PDGADMU073250,CSM WESTSIDE/RMC,Paradise PMG,Urgent Care,Paradise Facility, Urgent Care area.,
PMHORMU061090,CSM DOWNTOWN,Pres Hospital,PH Main 1B,PH Main 1B,,
KH049055,CSM KASEMAN,Kaseman Hospital,Pharmacy,Pharmacy break room in left corner,,
DT051599,CSM PRMC/DCT,Dan C Trigg Memorial Hospital,PT - Rehab,Physical Therapy,,
KPHEDSU065855,CSM KASEMAN,Kaseman Hospital,Inpatient Physical Therapy,Charting Office,,
ITLPTMU073481,CSM WESTSIDE/RMC,Intel PMG,Clinic,Physical Therapy Room,,
LCMBCSU065132,CSM LCMC,LCMC POB,Ambulatory,POB,,
PRH056641,CSM WESTSIDE/RMC,Rust Med Ctr,POB Oncology front desk.,POB Oncology front desk.,,
PH043013,CSM DOWNTOWN,Pres Hospital,POB,POST RENAL TRANSPLANT,,
PR054809,CSM PRMC/DCT,Plains Regional Med Ctr,Home Health,PRMC - HH Office,,
#PAC041782 Replaced by HRGCCMU077217 SR# 2825355
HRGCCMU077217,CSM DOWNTOWN,Rio Rancho 4100 High Resort,2nd Floor POD D,Care Manager Office,,
SGHPTSU070223,CSM SGH,Socorro General Hospital,PT - Rehab,PT,,
NOGPUMU064979,CSM DOWNTOWN,Northside POB OBGYN,Pulmonary,Location goes here,,
EH057275,CSM EGH,Espanola POB,Same Day Clinic,Reg Desk,,
SG051597,CSM SGH,Socorro General Hospital,Registration,Registration,,
DC043281,CSM PRMC/DCT,Dan C Trigg Memorial PMG,Family Practice,Registration,,
RMCRDBC066378,CSM WESTSIDE/RMC,Rust Med Ctr,Radiology,RMC In the Tech work area (1427),,
RR049067,CSM WESTSIDE/RMC,Rust Med Ctr,HIM,Room 1163,,
RRGADSU071699,CSM WESTSIDE/RMC,Rio Rancho 528 PMG,Room 319 (Care Manager's Office),,
PAC043284,CSM WESTSIDE/RMC,Rust Med Ctr,Pulm OB,Rust First Floor - Cardiology RM 18338,,
PAC041785,CSM WESTSIDE/RMC,Rust Med Ctr,GS Ortho Podiatry,Rust Lower Level - Doctor's Area,,
RMCURMU056779,CSM WESTSIDE/RMC,Rust Med Ctr POB,SURGICAL SERVICES,RUST POB SURGICAL SERVICES,,
PH049051,CSM DOWNTOWN,Pres Hospital,GI Lab,S1 - nurse station by exam room 2 and 3,,
PMHEDMU065700,CSM DOWNTOWN,Pres Hospital,ER,S1 - Pod B - Charge Nurse's Station,,
PMHEDMU070114,CSM DOWNTOWN,Pres Hospital,ER,S1 - POD D, next to the Providers,
PH049106,CSM DOWNTOWN,Pres Hospital,Pre Op,S1 - Pre Op behind nurse station,,
PH049066,CSM DOWNTOWN,Pres Hospital,Radiology,S1 - Radiology IT office,,
PH051979,CSM DOWNTOWN,Pres Hospital,3B/C,3rd - Room 3338 Teaming Room,,
SF055522,CSM EGH,ST Michaels PMG,Fam Prac/Pharm/Pulm,Santa Fe - IM / FP,,
#PAC043286 replaced by KPHOCSU074511 SR# 2750147
KPHOCSU074511,CSM KASEMAN,Kaseman Hospital,Oncology,Schedulers Office,,
PMHEDSU069687,CSM DOWNTOWN,Pres Hospital,ER,Secondary triage near accudose,,
SG054783,CSM SGH,Socorro Home Health,Home Health,SGH - HH Office,,
RR048862,CSM WESTSIDE/RMC,Rust Med Ctr,Pharmacy,Straight ahead of entrance, along right wall,
PH049079,CSM DOWNTOWN,Pres Hospital,Pharmacy,Sub 2 - Pharmacy to the right of the entrance,,
PH049038,CSM DOWNTOWN,Pres Hospital,HIM Office,Sub2 - Across from Med Rec near A elevators,,
PMHSSMU064471,CSM DOWNTOWN,Pres Hospital POB,POB Surgery,Suite 306 RM325,,
LLGFPMU074286,CSM DOWNTOWN,Los Lunas PMG,Ambulatory,Supervisor's Office,,
HRGPMMU073247,CSM DOWNTOWN,Rio Rancho Southern PMG,Pain and Spine,Supervisor's Office,,
PR049035,CSM PRMC/DCT,Plains Regional Med Ctr,Med Surge - Unit 100,Surgical floor - in copy room,,
PRH056660,CSM WESTSIDE/RMC,Rust Med Ctr,Progressive Care,T2 \ 4th Floor \ Across from 4239a,,
PRH045263,CSM SGH,Socorro General Hospital,Socorro PMG,supply room / time clock area,,
SG051600,CSM SGH,Socorro General Hospital,Med Surge,Wing 100 - 200 Nursing Station,,
SG051571,CSM SGH,Socorro General Hospital,OR - L&D,Wing 300,,
HRGZZMU073244,CSM WESTSIDE/RMC,Rio Rancho 4100 High Resort,Sleep/Pulm,RM 111 / Near Exam 8,,
SFHOBMU062955,CSM EGH,Santa Fe MED Center,OBGYN,RM2675,,
SFHPEMU062956,CSM EGH,Santa Fe MED Center,OBGYN,RM2675,,
SFHINMU062703,CSM EGH,Santa Fe MED Center, 21 Labor/21 Triage,,
SFHINMU062685,CSM EGH,Santa Fe MED Center, Nursery/Mother Baby,,
SOGAMSU074269,CSM WESTSIDE/RMC,RIO RANCHO SOUTHERN PMG,GI Checkout,rear counter,,
PSGEDMU065394,CSM DOWNTOWN,Carmel Urgent Care,Paseo Urgent Care,Location Needed,,
MDUC052807,CSM DOWNTOWN,Carmel Urgent Care,UC,Rear nurse station,,
SFGFDBC062136,CSM EGH,Santa Fe MED Center,Food Service,RM0526A,,
SFGORBC062838,CSM EGH,Santa Fe MED Center,Pre/Post Op Area,RM1425,,
SFGPUBC062729,CSM EGH,Santa Fe MED Center,POB PASS,RM1632,,
SFGPABC062225,CSM EGH,Santa Fe MED Center,POB Ortho,RM1677,,
SFGORBC062167,CSM EGH,Santa Fe MED Center,OR,RM1681,,
SFGORBC062818,CSM EGH,Santa Fe MED Center,POB Urology,RM1727,,
SFGCPBC062126,CSM EGH,Santa Fe MED Center,POB Pulmonary,RM1732,,
SFHAMSU062772,CSM EGH,Santa Fe MED Center,POB Physical Therapy,RM1751,,
SFGINBC062700,CSM EGH,Santa Fe MED Center,Inpatient,RM2301,,
SFGRDBC062712,CSM EGH,Santa Fe MED Center,Radiology,RM232,,
SFGINBC062640,CSM EGH,Santa Fe MED Center,Inpatient,RM2332,,
SFGEDBC062361,CSM EGH,Santa Fe MED Center,ED,RM239,,
SFGEDBC062338,CSM EGH,Santa Fe MED Center,ED,RM273,,
SFGEDBC062333,CSM EGH,Santa Fe MED Center,ED,RM275,,
SFGRXBC062253,CSM EGH,Santa Fe MED Center,Pharmacy,RM403,,
PMHPEBC067956,CSM DOWNTOWN,Pres Hospital,PCU,6th Floor PCU break room,,
MOGAMMU073482,CSM Northside,Montgomery PMG,Behind Checkin,Front Desk 2,,
LEGUCMU058935,CSM DOWNTOWN,LAS ESTANCIAS PMG,1st floor - Nurse Workstation - Urgent Care,,,
LEGIMMU066971,CSM DOWNTOWN,LAS ESTANCIAS PMG,1st floor - Nurse Workstation - Internal Medicine,,,
LEGOBMU066978,CSM DOWNTOWN,LAS ESTANCIAS PMG,1st floor - Nurse Workstation - OBGYN,,,
PH059608,CSM DOWNTOWN,Pres Hospital,Floor S1 - Pulmonary Department,,,
KPHPMMU068158,CSM KASEMAN,Kaseman POB,Pain and Spine - Room SE of Nurse Station,,
COGEDMU068237,CSM DOWNTOWN,COORS 24/7 UC ED,Coors ED,1st,Nurse Workstation,,
SFHHHSU065093,CSM EGH,Santa Fe MED Center,1400 Chama Ave,Pharmacy,Home Health/Hospice,,
PMHPEMU068633,CSM DOWNTOWN,Pres Hospital,6th Floor PEDS Oncology Dep Nurse Station,,,
KPHOCMU069056,CSM KASEMAN,Kaseman POB,Oncology,2nd Floor Long Desk Infusion-2 Area,,
NOGSSMU069842,CSM NORTHSIDE,Northside Hospital,POB OMF,2nd floor Check-in,,
NOGOBMU069862,CSM NORTHSIDE,Northside Hospital,POB Perinatology,2nd floor Check-in,,
PMHNUBC054991,CSM DOWNTOWN,Pres Hospital,Cedar 5th floor,RM5640
LCMFBSU067981,CSM LCMC,LCMC Medical Center,OB,2nd Floor Nurse Desk,,
LCMICMU065142,CSM LCMC,LCMC Medical Center,Med/Surg,2nd Floor Nurse Desk,,
SFGCPBC062135,CSM EGH,Santa Fe MED Center,Cardio Diagnostic,Pod C Near RM 1713,,
NOGFPMU073341,CSM NORTHSIDE,PAN AMERICAN PMG,Family Practice,2nd Floor Nurse Pod 3 Room 238,,
NOGPEMU073425,CSM NORTHSIDE,PAN AMERICAN PMG,Peds,1st Floor Nurse Pod 2 Room 162,,
CFGCPMU073325,CSM DOWNTOWN,Las Cruces PMG,1st Floor Nurse Station Room 113,,
PMHCPMU073843,CSM DOWNTOWN,Pres Hospital POB,Vascular Surgery POB 8th Floor,,
PRMSSMU072831,CSM PRMC/DCT,Plains Regional Med Ctr,Plastic Surgery,MOB 1st floor - Room 313,,
KPHHHMU069257,CSM KASEMAN,Kaseman El Camino,Home Health,3rd Floor El Camino Building,,
KPHADSU061458,CSM KASEMAN,Kaseman POB,Pharmacy,8314 Kaseman Ct,,
KPHRGSU058162,CSM KASEMAN,Kaseman POB,Registration Check-In Desk 1,,
RMCCPMU075127,CSM WESTSIDE/RMC,Rust Med Ctr,Pulmonary,Manager Office,,
ALPRXMU071224,CSM Cooper Center,Aloft Plaza,1st fl, Receiving Office,,
SFHCPMU060703,CSM EGH,Santa Fe MED Center,Cardiology 3rd floor,RM 3678,,
PMHICMU058751,CSM DOWNTOWN,Pres Hospital,Progressive Care,3D East Nurse near RM3232,,
HRGHHMU076074,CSM WESTSIDE/RMC,Rio Rancho 4100 High Resort,Home Health,Home Health Office,,
NOGIFMU074895,CSM NORTHSIDE,Northside Hospital,Lower Level,Wound Center
NOGOBMU059594,CSM NORTHSIDE,PAN AMERICAN PMG,OBGYN,4th Floor,,