"SystemName","Name","PortName","Status","Result"
"EPICPRINT02","P-00263_T2","P-00263","Error","All Cleared"
"EPICPRINT02","P-00359_T2","P-00359","Error","All Cleared"
"EPICPRINT02","P-00359_T3","P-00359","Error","All Cleared"
"EPICPRINT02","P-00361_T2","P-00361","Error","All Cleared"
"EPICPRINT02","P-00361_T3","P-00361","Error","All Cleared"
"EPICPRINT02","P-00444_T2","P-00444","Error","All Cleared"
"EPICPRINT02","P-00622_T2","P-00622","Error","All Cleared"
"EPICPRINT02","P-00622_T3","P-00622","Error","All Cleared"
"EPICPRINT02","P-00759_T2","P-00759","Error","All Cleared"
"EPICPRINT02","P-00759_T3","P-00759","Error","All Cleared"
"EPICPRINT02","P-00850_T2","P-00850","Error","All Cleared"
"EPICPRINT02","P-00850_T3","P-00850","Error","All Cleared"
"EPICPRINT02","P-00976_T2","P-00976","Error","All Cleared"
"EPICPRINT02","P-01017_T2","P-01017","Error","All Cleared"
"EPICPRINT02","P-01070_T2","P-01070","Error","All Cleared"
"EPICPRINT02","P-01070_T3","P-01070","Error","All Cleared"
"EPICPRINT02","P-01269_T2","P-01269","Error","All Cleared"
"EPICPRINT02","P-01269_T3","P-01269","Error","All Cleared"
"EPICPRINT02","P-01743_T2","P-01743","Error","All Cleared"
"EPICPRINT02","P-01753_T2","P-01753","Error","All Cleared"
"EPICPRINT02","P-01753_T3","P-01753","Error","All Cleared"
"EPICPRINT02","P-01812_T2","P-01812","Error","All Cleared"
"EPICPRINT02","P-01899_T2","P-01899","Error","All Cleared"
"EPICPRINT02","P-01899_T3","P-01899","Error","All Cleared"
"EPICPRINT02","P-01963_T2","P-01963","Error","All Cleared"
"EPICPRINT02","P-02276_T2","P-02276","Error","All Cleared"
"EPICPRINT02","P-02392_T2","P-02392","Error","All Cleared"
"EPICPRINT02","P-02392_T3","P-02392","Error","All Cleared"
"EPICPRINT02","P-02599_T2","P-02599","Error","All Cleared"
"EPICPRINT02","P-02639_T2","P-02639","Error","All Cleared"
"EPICPRINT02","P-03390_T2","P-03390","Error","All Cleared"
"EPICPRINT02","P-03697_T2","P-03697","Error","All Cleared"
"EPICPRINT02","P-03791_T2","P-03791","Error","All Cleared"
"EPICPRINT02","P-03944_T2","P-03944","Error","All Cleared"
"EPICPRINT02","P-04119_T2","P-04119","Error","All Cleared"
"EPICPRINT02","P-04425_T2","P-04425","Error","All Cleared"
"EPICPRINT02","P-04977_T2","P-04977","Error","All Cleared"
"EPICPRINT02","P-05074_T2","P-05074","Error","All Cleared"
"EPICPRINT02","P-05074_T3","P-05074","Error","All Cleared"
"EPICPRINT02","P-05203_T2","P-05203","Error","All Cleared"
"EPICPRINT02","P-05494_T2","P-05494","Error","All Cleared"
"EPICPRINT02","P-05743_T2","P-05743","Error","All Cleared"
"EPICPRINT02","P-05911_T2","P-05911","Error","All Cleared"
"EPICPRINT02","P-05947_T2","P-05947","Error","All Cleared"
"EPICPRINT02","P-06196_T2","P-06196","Error","All Cleared"
"EPICPRINT02","P-06196_T3","P-06196","Error","All Cleared"
"EPICPRINT02","P-06268_T2","P-06268","Error","All Cleared"
"EPICPRINT02","P-06844_T2","P-06844","Error","All Cleared"
"EPICPRINT02","P-06930_T2","P-06930","Error","All Cleared"
"EPICPRINT02","P-07274_T2","P-07274","Error","All Cleared"
"EPICPRINT02","P-07274_T3","P-07274","Error","All Cleared"
"EPICPRINT02","P-07390_T2","P-07390","Error","All Cleared"
"EPICPRINT02","P-07393_T2","P-07393","Error","All Cleared"
"EPICPRINT02","P-07407_T2","P-07407","Error","All Cleared"
"EPICPRINT02","P-07411_T2","P-07411","Error","All Cleared"
"EPICPRINT02","P-07533_T2","P-07533","Error","All Cleared"
"EPICPRINT02","P-07909_T2","P-07909","Error","All Cleared"
"EPICPRINT02","P-08458_T2","P-08458","Error","All Cleared"
"EPICPRINT02","P-08467_T2","P-08467","Error","All Cleared"
"EPICPRINT02","P-09042_T2","P-09042","Error","All Cleared"
"EPICPRINT02","P-09042_T3","P-09042","Error","All Cleared"
"EPICPRINT02","P-09067_T2","P-09067","Error","All Cleared"
"EPICPRINT02","P-09141_T2","P-09141","Error","All Cleared"
"EPICPRINT02","P-09337_T2","P-09337","Error","All Cleared"
"EPICPRINT02","P-09719_T2","P-09719","Error","All Cleared"
"EPICPRINT02","P-10107_T2","P-10107","Error","All Cleared"
"EPICPRINT02","P-10107_T3","P-10107","Error","All Cleared"
"EPICPRINT02","P-10205_T2","P-10205","Error","All Cleared"
"EPICPRINT02","P-10349_T2","P-10349","Error","All Cleared"
"EPICPRINT02","P-10926_T2","P-10926","Error","All Cleared"
"EPICPRINT02","P-10932_T2","P-10932","Error","All Cleared"
"EPICPRINT02","P-11267_T2","P-11267","Error","All Cleared"
"EPICPRINT02","P-11940_T2","P-11940","Error","All Cleared"
"EPICPRINT02","P-12096_T2","P-12096","Error","All Cleared"
"EPICPRINT02","P-12097_T2","P-12097","Error","All Cleared"
"EPICPRINT02","P-18093_T2","P-18093","Error","All Cleared"
"EPICPRINT02","P-19046_T2","P-19046","Error","All Cleared"
"EPICPRINT02","P-19046_T3","P-19046","Error","All Cleared"
"EPICPRINT03","P-00002_T2","P-00002","Error","All Cleared"
"EPICPRINT03","P-00098_T2","P-00098","Error","All Cleared"
"EPICPRINT03","P-00098_T3","P-00098","Error","All Cleared"
"EPICPRINT03","P-00263_T2","P-00263","Error","All Cleared"
"EPICPRINT03","P-00361_T2","P-00361","Error","All Cleared"
"EPICPRINT03","P-00361_T3","P-00361","Error","All Cleared"
"EPICPRINT03","P-00444_T2","P-00444","Error","All Cleared"
"EPICPRINT03","P-00622_T2","P-00622","Error","All Cleared"
"EPICPRINT03","P-00622_T3","P-00622","Error","All Cleared"
"EPICPRINT03","P-00759_T2","P-00759","Error","All Cleared"
"EPICPRINT03","P-00759_T3","P-00759","Error","All Cleared"
"EPICPRINT03","P-00850_T2","P-00850","Error","All Cleared"
"EPICPRINT03","P-00850_T3","P-00850","Error","All Cleared"
"EPICPRINT03","P-00976_T2","P-00976","Error","All Cleared"
"EPICPRINT03","P-01017_T2","P-01017","Error","All Cleared"
"EPICPRINT03","P-01070_T2","P-01070","Error","All Cleared"
"EPICPRINT03","P-01070_T3","P-01070","Error","All Cleared"
"EPICPRINT03","P-01075_T2","P-01075","Error","All Cleared"
"EPICPRINT03","P-01269_T2","P-01269","Error","All Cleared"
"EPICPRINT03","P-01269_T3","P-01269","Error","All Cleared"
"EPICPRINT03","P-01726_T2","P-01726","Error","All Cleared"
"EPICPRINT03","P-01743_T2","P-01743","Error","All Cleared"
"EPICPRINT03","P-01899_T2","P-01899","Error","All Cleared"
"EPICPRINT03","P-01899_T3","P-01899","Error","All Cleared"
"EPICPRINT03","P-01963_T2","P-01963","Error","All Cleared"
"EPICPRINT03","P-02106_T2","P-02106","Error","All Cleared"
"EPICPRINT03","P-02392_T2","P-02392","Error","All Cleared"
"EPICPRINT03","P-02392_T3","P-02392","Error","All Cleared"
"EPICPRINT03","P-02423_T2","P-02423","Error","All Cleared"
"EPICPRINT03","P-02599_T2","P-02599","Error","All Cleared"
"EPICPRINT03","P-02639_T2","P-02639","Error","All Cleared"
"EPICPRINT03","P-02767_T2","P-02767","Error","All Cleared"
"EPICPRINT03","P-02767_T3","P-02767","Error","All Cleared"
"EPICPRINT03","P-02870_T2","P-02870","Error","All Cleared"
"EPICPRINT03","P-02936_T2","P-02936","Error","All Cleared"
"EPICPRINT03","P-03697_T2","P-03697","Error","All Cleared"
"EPICPRINT03","P-03791_T2","P-03791","Error","All Cleared"
"EPICPRINT03","P-03944_T2","P-03944","Error","All Cleared"
"EPICPRINT03","P-03946","P-03946","Error","All Cleared"
"EPICPRINT03","P-03946_T2","P-03946","Error","All Cleared"
"EPICPRINT03","P-04678_T2","P-04678","Error","All Cleared"
"EPICPRINT03","P-04907_T2","P-04907","Error","All Cleared"
"EPICPRINT03","P-04977_T2","P-04977","Error","All Cleared"
"EPICPRINT03","P-05074_T2","P-05074","Error","All Cleared"
"EPICPRINT03","P-05074_T3","P-05074","Error","All Cleared"
"EPICPRINT03","P-05234_T2","P-05234","Error","All Cleared"
"EPICPRINT03","P-05494_T2","P-05494","Error","All Cleared"
"EPICPRINT03","P-05743_T2","P-05743","Error","All Cleared"
"EPICPRINT03","P-05923_T2","P-05923","Error","All Cleared"
"EPICPRINT03","P-05947_T2","P-05947","Error","All Cleared"
"EPICPRINT03","P-06196_T2","P-06196","Error","All Cleared"
"EPICPRINT03","P-06196_T3","P-06196","Error","All Cleared"
"EPICPRINT03","P-06226_T2","P-06226","Error","All Cleared"
"EPICPRINT03","P-06839_T2","P-06839","Error","All Cleared"
"EPICPRINT03","P-07274_T2","P-07274","Error","All Cleared"
"EPICPRINT03","P-07274_T3","P-07274","Error","All Cleared"
"EPICPRINT03","P-07393_T2","P-07393","Error","All Cleared"
"EPICPRINT03","P-07411_T2","P-07411","Error","All Cleared"
"EPICPRINT03","P-07511_T2","P-07511","Error","All Cleared"
"EPICPRINT03","P-07909_T2","P-07909","Error","All Cleared"
"EPICPRINT03","P-08467_T2","P-08467","Error","All Cleared"
"EPICPRINT03","P-09042_T2","P-09042","Error","All Cleared"
"EPICPRINT03","P-09042_T3","P-09042","Error","All Cleared"
"EPICPRINT03","P-09067_T2","P-09067","Error","All Cleared"
"EPICPRINT03","P-09334_T2","P-09334","Error","All Cleared"
"EPICPRINT03","P-09337_T2","P-09337","Error","All Cleared"
"EPICPRINT03","P-09460_T2","P-09460","Error","All Cleared"
"EPICPRINT03","P-10107_T2","P-10107","Error","All Cleared"
"EPICPRINT03","P-10107_T3","P-10107","Error","All Cleared"
"EPICPRINT03","P-10205_T2","P-10205","Error","All Cleared"
"EPICPRINT03","P-10419_T2","P-10419","Error","All Cleared"
"EPICPRINT03","P-10637_T2","P-10637","Error","All Cleared"
"EPICPRINT03","P-10926_T2","P-10926","Error","All Cleared"
"EPICPRINT03","P-10932_T2","P-10932","Error","All Cleared"
"EPICPRINT03","P-11668_T2","P-11668","Error","All Cleared"
"EPICPRINT03","P-11716_T2","P-11716","Error","All Cleared"
"EPICPRINT03","P-11716_T3","P-11716","Error","All Cleared"
"EPICPRINT03","P-12097_T2","P-12097","Error","All Cleared"
"EPICPRINT03","P-17126_T2","P-17126","Error","All Cleared"
"EPICPRINT03","P-18009_T2","P-18009","Error","All Cleared"
"EPICPRINT03","P-18093_T2","P-18093","Error","All Cleared"
"EPICPRINT03","P-19046_T2","P-19046","Error","All Cleared"
"EPICPRINT03","P-19046_T3","P-19046","Error","All Cleared"
"EPICPRINT03","P-19074_T2","P-19074","Error","All Cleared"
"EPICPRINT04","P-00002_T2","P-00002","Error","All Cleared"
"EPICPRINT04","P-00132_T2","P-00132","Error","All Cleared"
"EPICPRINT04","P-00263_T2","P-00263","Error","All Cleared"
"EPICPRINT04","P-00359_T2","P-00359","Error","All Cleared"
"EPICPRINT04","P-00359_T3","P-00359","Error","All Cleared"
"EPICPRINT04","P-00361_T2","P-00361","Error","All Cleared"
"EPICPRINT04","P-00361_T3","P-00361","Error","All Cleared"
"EPICPRINT04","P-00444_T2","P-00444","Error","All Cleared"
"EPICPRINT04","P-00622_T2","P-00622","Error","All Cleared"
"EPICPRINT04","P-00622_T3","P-00622","Error","All Cleared"
"EPICPRINT04","P-00635_T2","P-00635","Error","All Cleared"
"EPICPRINT04","P-00635_T3","P-00635","Error","All Cleared"
"EPICPRINT04","P-00759_T2","P-00759","Error","All Cleared"
"EPICPRINT04","P-00759_T3","P-00759","Error","All Cleared"
"EPICPRINT04","P-00850_T2","P-00850","Error","All Cleared"
"EPICPRINT04","P-00850_T3","P-00850","Error","All Cleared"
"EPICPRINT04","P-00885_T2","P-00885","Error","All Cleared"
"EPICPRINT04","P-00976_T2","P-00976","Error","All Cleared"
"EPICPRINT04","P-01017_T2","P-01017","Error","All Cleared"
"EPICPRINT04","P-01070_T2","P-01070","Error","All Cleared"
"EPICPRINT04","P-01070_T3","P-01070","Error","All Cleared"
"EPICPRINT04","P-01075_T2","P-01075","Error","All Cleared"
"EPICPRINT04","P-01248_T2","P-01248","Error","All Cleared"
"EPICPRINT04","P-01269_T2","P-01269","Error","All Cleared"
"EPICPRINT04","P-01269_T3","P-01269","Error","All Cleared"
"EPICPRINT04","P-01728_T2","P-01728","Error","All Cleared"
"EPICPRINT04","P-01743_T2","P-01743","Error","All Cleared"
"EPICPRINT04","P-01899_T2","P-01899","Error","All Cleared"
"EPICPRINT04","P-01899_T3","P-01899","Error","All Cleared"
"EPICPRINT04","P-01963_T2","P-01963","Error","All Cleared"
"EPICPRINT04","P-02392_T2","P-02392","Error","All Cleared"
"EPICPRINT04","P-02392_T3","P-02392","Error","All Cleared"
"EPICPRINT04","P-02599_T2","P-02599","Error","All Cleared"
"EPICPRINT04","P-02639_T2","P-02639","Error","All Cleared"
"EPICPRINT04","P-02767_T2","P-02767","Error","All Cleared"
"EPICPRINT04","P-02767_T3","P-02767","Error","All Cleared"
"EPICPRINT04","P-02954_T2","P-02954","Error","All Cleared"
"EPICPRINT04","P-03697_T2","P-03697","Error","All Cleared"
"EPICPRINT04","P-03791_T2","P-03791","Error","All Cleared"
"EPICPRINT04","P-03944_T2","P-03944","Error","All Cleared"
"EPICPRINT04","P-04977_T2","P-04977","Error","All Cleared"
"EPICPRINT04","P-05074_T2","P-05074","Error","All Cleared"
"EPICPRINT04","P-05074_T3","P-05074","Error","All Cleared"
"EPICPRINT04","P-05203_T2","P-05203","Error","All Cleared"
"EPICPRINT04","P-05494_T2","P-05494","Error","All Cleared"
"EPICPRINT04","P-05743_T2","P-05743","Error","All Cleared"
"EPICPRINT04","P-05752_T2","P-05752","Error","All Cleared"
"EPICPRINT04","P-05911_T2","P-05911","Error","All Cleared"
"EPICPRINT04","P-05923_T2","P-05923","Error","All Cleared"
"EPICPRINT04","P-05940_T2","P-05940","Error","All Cleared"
"EPICPRINT04","P-05947_T2","P-05947","Error","All Cleared"
"EPICPRINT04","P-06173_T2","P-06173","Error","All Cleared"
"EPICPRINT04","P-06196_T2","P-06196","Error","All Cleared"
"EPICPRINT04","P-06196_T3","P-06196","Error","All Cleared"
"EPICPRINT04","P-06226_T2","P-06226","Error","All Cleared"
"EPICPRINT04","P-07262_T2","P-07262","Error","All Cleared"
"EPICPRINT04","P-07274_T2","P-07274","Error","All Cleared"
"EPICPRINT04","P-07274_T3","P-07274","Error","All Cleared"
"EPICPRINT04","P-07393_T2","P-07393","Error","All Cleared"
"EPICPRINT04","P-07411_T2","P-07411","Error","All Cleared"
"EPICPRINT04","P-07511_T2","P-07511","Error","All Cleared"
"EPICPRINT04","P-07529_T2","P-07529","Error","All Cleared"
"EPICPRINT04","P-07533_T2","P-07533","Error","All Cleared"
"EPICPRINT04","P-07676_T2","P-07676","Error","All Cleared"
"EPICPRINT04","P-07844_T2","P-07844","Error","All Cleared"
"EPICPRINT04","P-07909_T2","P-07909","Error","All Cleared"
"EPICPRINT04","P-08142_T2","P-08142","Error","All Cleared"
"EPICPRINT04","P-08467_T2","P-08467","Error","All Cleared"
"EPICPRINT04","P-09042_T2","P-09042","Error","All Cleared"
"EPICPRINT04","P-09042_T3","P-09042","Error","All Cleared"
"EPICPRINT04","P-09067_T2","P-09067","Error","All Cleared"
"EPICPRINT04","P-09337_T2","P-09337","Error","All Cleared"
"EPICPRINT04","P-09867_T2","P-09867","Error","All Cleared"
"EPICPRINT04","P-09896_T2","P-09896","Error","All Cleared"
"EPICPRINT04","P-10056_T2","P-10056","Error","All Cleared"
"EPICPRINT04","P-10107_T2","P-10107","Error","All Cleared"
"EPICPRINT04","P-10107_T3","P-10107","Error","All Cleared"
"EPICPRINT04","P-10205_T2","P-10205","Error","All Cleared"
"EPICPRINT04","P-10932_T2","P-10932","Error","All Cleared"
"EPICPRINT04","P-11109","P-11109","Error","All Cleared"
"EPICPRINT04","P-11109_T2","P-11109","Error","All Cleared"
"EPICPRINT04","P-11113_T2","P-11113","Error","All Cleared"
"EPICPRINT04","P-11143_T2","P-11143","Error","All Cleared"
"EPICPRINT04","P-11267_T2","P-11267","Error","All Cleared"
"EPICPRINT04","P-11716_T2","P-11716","Error","All Cleared"
"EPICPRINT04","P-11716_T3","P-11716","Error","All Cleared"
"EPICPRINT04","P-11833_T2","P-11833","Error","All Cleared"
"EPICPRINT04","P-11959_T2","P-11959","Error","All Cleared"
"EPICPRINT04","P-12097_T2","P-12097","Error","All Cleared"
"EPICPRINT04","P-18093_T2","P-18093","Error","All Cleared"
"EPICPRINT04","P-18115_T2","P-18115","Error","All Cleared"
"EPICPRINT04","P-18115_T3","P-18115","Error","All Cleared"
"EPICPRINT04","P-19046_T2","P-19046","Error","All Cleared"
"EPICPRINT04","P-19046_T3","P-19046","Error","All Cleared"
"EPICPRINT04","P-19074_T2","P-19074","Error","All Cleared"
"EPICPRINT05","P-00002_T2","P-00002","Error","All Cleared"
"EPICPRINT05","P-00098_T2","P-00098","Error","All Cleared"
"EPICPRINT05","P-00098_T3","P-00098","Error","All Cleared"
"EPICPRINT05","P-00263_T2","P-00263","Error","All Cleared"
"EPICPRINT05","P-00359_T2","P-00359","Error","All Cleared"
"EPICPRINT05","P-00359_T3","P-00359","Error","All Cleared"
"EPICPRINT05","P-00361_T2","P-00361","Error","All Cleared"
"EPICPRINT05","P-00361_T3","P-00361","Error","All Cleared"
"EPICPRINT05","P-00444_T2","P-00444","Error","All Cleared"
"EPICPRINT05","P-00622_T2","P-00622","Error","All Cleared"
"EPICPRINT05","P-00622_T3","P-00622","Error","All Cleared"
"EPICPRINT05","P-00635_T2","P-00635","Error","All Cleared"
"EPICPRINT05","P-00635_T3","P-00635","Error","All Cleared"
"EPICPRINT05","P-00759_T2","P-00759","Error","All Cleared"
"EPICPRINT05","P-00759_T3","P-00759","Error","All Cleared"
"EPICPRINT05","P-00850_T2","P-00850","Error","All Cleared"
"EPICPRINT05","P-00850_T3","P-00850","Error","All Cleared"
"EPICPRINT05","P-00976_T2","P-00976","Error","All Cleared"
"EPICPRINT05","P-01070_T2","P-01070","Error","All Cleared"
"EPICPRINT05","P-01070_T3","P-01070","Error","All Cleared"
"EPICPRINT05","P-01075_T2","P-01075","Error","All Cleared"
"EPICPRINT05","P-01248_T2","P-01248","Error","All Cleared"
"EPICPRINT05","P-01269_T2","P-01269","Error","All Cleared"
"EPICPRINT05","P-01269_T3","P-01269","Error","All Cleared"
"EPICPRINT05","P-01743_T2","P-01743","Error","All Cleared"
"EPICPRINT05","P-01899_T2","P-01899","Error","All Cleared"
"EPICPRINT05","P-01899_T3","P-01899","Error","All Cleared"
"EPICPRINT05","P-02276_T2","P-02276","Error","All Cleared"
"EPICPRINT05","P-02392_T2","P-02392","Error","All Cleared"
"EPICPRINT05","P-02392_T3","P-02392","Error","All Cleared"
"EPICPRINT05","P-02529_T2","P-02529","Error","All Cleared"
"EPICPRINT05","P-02599_T2","P-02599","Error","All Cleared"
"EPICPRINT05","P-02639_T2","P-02639","Error","All Cleared"
"EPICPRINT05","P-02648_T2","P-02648","Error","All Cleared"
"EPICPRINT05","P-02841_T2","P-02841","Error","All Cleared"
"EPICPRINT05","P-02936_T2","P-02936","Error","All Cleared"
"EPICPRINT05","P-03286_T2","P-03286","Error","All Cleared"
"EPICPRINT05","P-03390_T2","P-03390","Error","All Cleared"
"EPICPRINT05","P-03697_T2","P-03697","Error","All Cleared"
"EPICPRINT05","P-03791_T2","P-03791","Error","All Cleared"
"EPICPRINT05","P-03944_T2","P-03944","Error","All Cleared"
"EPICPRINT05","P-04119_T2","P-04119","Error","All Cleared"
"EPICPRINT05","P-04678_T2","P-04678","Error","All Cleared"
"EPICPRINT05","P-04977_T2","P-04977","Error","All Cleared"
"EPICPRINT05","P-05074_T2","P-05074","Error","All Cleared"
"EPICPRINT05","P-05074_T3","P-05074","Error","All Cleared"
"EPICPRINT05","P-05203_T2","P-05203","Error","All Cleared"
"EPICPRINT05","P-05494_T2","P-05494","Error","All Cleared"
"EPICPRINT05","P-05752_T2","P-05752","Error","All Cleared"
"EPICPRINT05","P-05923_T2","P-05923","Error","All Cleared"
"EPICPRINT05","P-05947_T2","P-05947","Error","All Cleared"
"EPICPRINT05","P-06196_T2","P-06196","Error","All Cleared"
"EPICPRINT05","P-06196_T3","P-06196","Error","All Cleared"
"EPICPRINT05","P-06226_T2","P-06226","Error","All Cleared"
"EPICPRINT05","P-06427_T2","P-06427","Error","All Cleared"
"EPICPRINT05","P-06844_T2","P-06844","Error","All Cleared"
"EPICPRINT05","P-07274_T2","P-07274","Error","All Cleared"
"EPICPRINT05","P-07274_T3","P-07274","Error","All Cleared"
"EPICPRINT05","P-07384_T2","P-07384","Error","All Cleared"
"EPICPRINT05","P-07390_T2","P-07390","Error","All Cleared"
"EPICPRINT05","P-07393_T2","P-07393","Error","All Cleared"
"EPICPRINT05","P-07411_T2","P-07411","Error","All Cleared"
"EPICPRINT05","P-07511_T2","P-07511","Error","All Cleared"
"EPICPRINT05","P-07529_T2","P-07529","Error","All Cleared"
"EPICPRINT05","P-07533_T2","P-07533","Error","All Cleared"
"EPICPRINT05","P-08458_T2","P-08458","Error","All Cleared"
"EPICPRINT05","P-08467_T2","P-08467","Error","All Cleared"
"EPICPRINT05","P-09337_T2","P-09337","Error","All Cleared"
"EPICPRINT05","P-09507_T2","P-09507","Error","All Cleared"
"EPICPRINT05","P-09507_T3","P-09507","Error","All Cleared"
"EPICPRINT05","P-10107_T2","P-10107","Error","All Cleared"
"EPICPRINT05","P-10107_T3","P-10107","Error","All Cleared"
"EPICPRINT05","P-10205_T2","P-10205","Error","All Cleared"
"EPICPRINT05","P-10206_T2","P-10206","Error","All Cleared"
"EPICPRINT05","P-10349_T2","P-10349","Error","All Cleared"
"EPICPRINT05","P-10419_T2","P-10419","Error","All Cleared"
"EPICPRINT05","P-10637_T2","P-10637","Error","All Cleared"
"EPICPRINT05","P-11121_T2","P-11121","Error","All Cleared"
"EPICPRINT05","P-11121_T3","P-11121","Error","All Cleared"
"EPICPRINT05","P-11143_T2","P-11143","Error","All Cleared"
"EPICPRINT05","P-11252_T2","P-11252","Error","All Cleared"
"EPICPRINT05","P-11267_T2","P-11267","Error","All Cleared"
"EPICPRINT05","P-11716_T2","P-11716","Error","All Cleared"
"EPICPRINT05","P-11716_T3","P-11716","Error","All Cleared"
"EPICPRINT05","P-11940_T2","P-11940","Error","All Cleared"
"EPICPRINT05","P-12054_T2","P-12054","Error","All Cleared"
"EPICPRINT05","P-12097_T2","P-12097","Error","All Cleared"
"EPICPRINT05","P-18093_T2","P-18093","Error","All Cleared"
"EPICPRINT05","P-19046_T2","P-19046","Error","All Cleared"
"EPICPRINT05","P-19046_T3","P-19046","Error","All Cleared"
"EPICPRINT06","P-00002_T2","P-00002","Error","All Cleared"
"EPICPRINT06","P-00098_T2","P-00098","Error","All Cleared"
"EPICPRINT06","P-00098_T3","P-00098","Error","All Cleared"
"EPICPRINT06","P-00217_T2","P-00217","Error","All Cleared"
"EPICPRINT06","P-00263_T2","P-00263","Error","All Cleared"
"EPICPRINT06","P-00359_T2","P-00359","Error","All Cleared"
"EPICPRINT06","P-00359_T3","P-00359","Error","All Cleared"
"EPICPRINT06","P-00361_T2","P-00361","Error","All Cleared"
"EPICPRINT06","P-00361_T3","P-00361","Error","All Cleared"
"EPICPRINT06","P-00444_T2","P-00444","Error","All Cleared"
"EPICPRINT06","P-00622_T2","P-00622","Error","All Cleared"
"EPICPRINT06","P-00622_T3","P-00622","Error","All Cleared"
"EPICPRINT06","P-00638_T2","P-00638","Error","All Cleared"
"EPICPRINT06","P-00759_T2","P-00759","Error","All Cleared"
"EPICPRINT06","P-00759_T3","P-00759","Error","All Cleared"
"EPICPRINT06","P-00850_T2","P-00850","Error","All Cleared"
"EPICPRINT06","P-00850_T3","P-00850","Error","All Cleared"
"EPICPRINT06","P-00976_T2","P-00976","Error","All Cleared"
"EPICPRINT06","P-01017_T2","P-01017","Error","All Cleared"
"EPICPRINT06","P-01070_T2","P-01070","Error","All Cleared"
"EPICPRINT06","P-01070_T3","P-01070","Error","All Cleared"
"EPICPRINT06","P-01075_T2","P-01075","Error","All Cleared"
"EPICPRINT06","P-01269_T2","P-01269","Error","All Cleared"
"EPICPRINT06","P-01269_T3","P-01269","Error","All Cleared"
"EPICPRINT06","P-01743_T2","P-01743","Error","All Cleared"
"EPICPRINT06","P-01753_T2","P-01753","Error","All Cleared"
"EPICPRINT06","P-01753_T3","P-01753","Error","All Cleared"
"EPICPRINT06","P-01812_T2","P-01812","Error","All Cleared"
"EPICPRINT06","P-01899_T2","P-01899","Error","All Cleared"
"EPICPRINT06","P-01899_T3","P-01899","Error","All Cleared"
"EPICPRINT06","P-01963_T2","P-01963","Error","All Cleared"
"EPICPRINT06","P-02423_T2","P-02423","Error","All Cleared"
"EPICPRINT06","P-02599_T2","P-02599","Error","All Cleared"
"EPICPRINT06","P-02767_T2","P-02767","Error","All Cleared"
"EPICPRINT06","P-02767_T3","P-02767","Error","All Cleared"
"EPICPRINT06","P-02870_T2","P-02870","Error","All Cleared"
"EPICPRINT06","P-02899_T2","P-02899","Error","All Cleared"
"EPICPRINT06","P-02936_T2","P-02936","Error","All Cleared"
"EPICPRINT06","P-03697_T2","P-03697","Error","All Cleared"
"EPICPRINT06","P-03791_T2","P-03791","Error","All Cleared"
"EPICPRINT06","P-03944_T2","P-03944","Error","All Cleared"
"EPICPRINT06","P-03946","P-03946","Error","All Cleared"
"EPICPRINT06","P-03946_T2","P-03946","Error","All Cleared"
"EPICPRINT06","P-04160_T2","P-04160","Error","All Cleared"
"EPICPRINT06","P-04425_T2","P-04425","Error","All Cleared"
"EPICPRINT06","P-05074_T2","P-05074","Error","All Cleared"
"EPICPRINT06","P-05074_T3","P-05074","Error","All Cleared"
"EPICPRINT06","P-05234_T2","P-05234","Error","All Cleared"
"EPICPRINT06","P-05494_T2","P-05494","Error","All Cleared"
"EPICPRINT06","P-05743_T2","P-05743","Error","All Cleared"
"EPICPRINT06","P-05923_T2","P-05923","Error","All Cleared"
"EPICPRINT06","P-05940_T2","P-05940","Error","All Cleared"
"EPICPRINT06","P-05947_T2","P-05947","Error","All Cleared"
"EPICPRINT06","P-06039_T2","P-06039","Error","All Cleared"
"EPICPRINT06","P-06173_T2","P-06173","Error","All Cleared"
"EPICPRINT06","P-06196_T2","P-06196","Error","All Cleared"
"EPICPRINT06","P-06196_T3","P-06196","Error","All Cleared"
"EPICPRINT06","P-06226_T2","P-06226","Error","All Cleared"
"EPICPRINT06","P-06427_T2","P-06427","Error","All Cleared"
"EPICPRINT06","P-06930_T2","P-06930","Error","All Cleared"
"EPICPRINT06","P-07393_T2","P-07393","Error","All Cleared"
"EPICPRINT06","P-07411_T2","P-07411","Error","All Cleared"
"EPICPRINT06","P-07511_T2","P-07511","Error","All Cleared"
"EPICPRINT06","P-07844_T2","P-07844","Error","All Cleared"
"EPICPRINT06","P-07909_T2","P-07909","Error","All Cleared"
"EPICPRINT06","P-08467_T2","P-08467","Error","All Cleared"
"EPICPRINT06","P-09042_T2","P-09042","Error","All Cleared"
"EPICPRINT06","P-09042_T3","P-09042","Error","All Cleared"
"EPICPRINT06","P-09067_T2","P-09067","Error","All Cleared"
"EPICPRINT06","P-09334_T2","P-09334","Error","All Cleared"
"EPICPRINT06","P-09337_T2","P-09337","Error","All Cleared"
"EPICPRINT06","P-09507_T2","P-09507","Error","All Cleared"
"EPICPRINT06","P-09507_T3","P-09507","Error","All Cleared"
"EPICPRINT06","P-09867_T2","P-09867","Error","All Cleared"
"EPICPRINT06","P-10107_T2","P-10107","Error","All Cleared"
"EPICPRINT06","P-10107_T3","P-10107","Error","All Cleared"
"EPICPRINT06","P-10201_T2","P-10201","Error","All Cleared"
"EPICPRINT06","P-10205_T2","P-10205","Error","All Cleared"
"EPICPRINT06","P-10419_T2","P-10419","Error","All Cleared"
"EPICPRINT06","P-10926_T2","P-10926","Error","All Cleared"
"EPICPRINT06","P-10932_T2","P-10932","Error","All Cleared"
"EPICPRINT06","P-11061_T2","P-11061","Error","All Cleared"
"EPICPRINT06","P-11121_T2","P-11121","Error","All Cleared"
"EPICPRINT06","P-11121_T3","P-11121","Error","All Cleared"
"EPICPRINT06","P-11143_T2","P-11143","Error","All Cleared"
"EPICPRINT06","P-11252_T2","P-11252","Error","All Cleared"
"EPICPRINT06","P-11640_T2","P-11640","Error","All Cleared"
"EPICPRINT06","P-11959_T2","P-11959","Error","All Cleared"
"EPICPRINT06","P-12097_T2","P-12097","Error","All Cleared"
"EPICPRINT06","P-17133_T2","P-17133","Error","All Cleared"
"EPICPRINT06","P-18093_T2","P-18093","Error","All Cleared"
"EPICPRINT06","P-18115_T2","P-18115","Error","All Cleared"
"EPICPRINT06","P-18115_T3","P-18115","Error","All Cleared"
"EPICPRINT06","P-19046_T2","P-19046","Error","All Cleared"
"EPICPRINT06","P-19046_T3","P-19046","Error","All Cleared"
